timestamp,signal,price,final_equity,accuracy
2025-11-05 16:00:00,BUY,0.0429904235279766,14270.407797410944,0.8374591312470808
2025-11-05 16:00:00,BUY,0.0429904235279766,14270.407797410944,0.8374591312470808
2025-11-05 18:00:00,BUY,0.0419723145997803,14098.292245380151,0.836677554829678
2025-11-05 18:00:00,BUY,0.0419723145997803,14098.292245380151,0.836677554829678
2025-11-05 18:00:00,BUY,0.0419723145997803,14098.292245380151,0.836677554829678
2025-11-05 18:00:00,BUY,0.0419723145997803,14098.292245380151,0.836677554829678
2025-11-05 18:00:00,BUY,0.0419723145997803,14098.292245380151,0.836677554829678
2025-11-05 18:00:00,BUY,0.0419723145997803,14098.292245380151,0.836677554829678
2025-11-05 18:00:00,BUY,0.0419723145997803,14098.292245380151,0.836677554829678
2025-11-05 18:00:00,BUY,0.0419723145997803,14098.292245380151,0.836677554829678
2025-11-05 18:00:00,BUY,0.0419723145997803,14098.292245380151,0.836677554829678
2025-11-05 18:00:00,BUY,0.0419723145997803,14098.292245380151,0.836677554829678
2025-11-05 18:00:00,BUY,0.0419723145997803,14098.292245380151,0.836677554829678
2025-11-05 19:00:00,BUY,0.0422466713320357,14144.673392934936,0.8362873134328358
2025-11-05 19:00:00,BUY,0.0422466713320357,14144.673392934936,0.8362873134328358
2025-11-05 19:00:00,BUY,0.0422466713320357,14144.673392934936,0.8362873134328358
2025-11-05 19:00:00,BUY,0.0422466713320357,14144.673392934936,0.8362873134328358
2025-11-05 19:00:00,BUY,0.0422466713320357,14144.673392934936,0.8362873134328358
2025-11-05 19:00:00,BUY,0.0422466713320357,14144.673392934936,0.8362873134328358
2025-11-05 19:00:00,BUY,0.0422466713320357,14144.673392934936,0.8362873134328358
2025-11-05 19:00:00,BUY,0.0422466713320357,14144.673392934936,0.8362873134328358
2025-11-05 19:00:00,BUY,0.0422466713320357,14144.673392934936,0.8362873134328358
2025-11-05 19:00:00,BUY,0.0422466713320357,14144.673392934936,0.8362873134328358
2025-11-05 19:00:00,BUY,0.0422466713320357,14144.673392934936,0.8362873134328358
2025-11-05 19:00:00,BUY,0.0422466713320357,14144.673392934936,0.8362873134328358
2025-11-05 19:00:00,BUY,0.0422466713320357,14144.673392934936,0.8362873134328358
2025-11-05 19:00:00,BUY,0.0422466713320357,14144.673392934936,0.8362873134328358
2025-11-05 19:00:00,BUY,0.0422466713320357,14144.673392934936,0.8362873134328358
2025-11-05 19:00:00,BUY,0.0422466713320357,14144.673392934936,0.8362873134328358
2025-11-05 19:00:00,BUY,0.0422466713320357,14144.673392934936,0.8362873134328358
2025-11-05 19:00:00,BUY,0.0422466713320357,14144.673392934936,0.8362873134328358
2025-11-05 19:00:00,BUY,0.0422466713320357,14144.673392934936,0.8362873134328358
2025-11-05 19:00:00,BUY,0.0422466713320357,14144.673392934936,0.8362873134328358
2025-11-05 19:00:00,BUY,0.0422466713320357,14144.673392934936,0.8362873134328358
2025-11-05 19:00:00,BUY,0.0422466713320357,14144.673392934936,0.8362873134328358
2025-11-05 19:00:00,BUY,0.0422466713320357,14144.673392934936,0.8362873134328358
2025-11-05 19:00:00,BUY,0.0422466713320357,14144.673392934936,0.8362873134328358
2025-11-05 19:00:00,BUY,0.0422466713320357,14144.673392934936,0.8362873134328358
2025-11-05 19:00:00,BUY,0.0422466713320357,14144.673392934936,0.8362873134328358
2025-11-05 19:00:00,BUY,0.0422466713320357,14144.673392934936,0.8362873134328358
2025-11-05 19:00:00,BUY,0.0422466713320357,14144.673392934936,0.8362873134328358
2025-11-05 19:00:00,BUY,0.0422466713320357,14144.673392934936,0.8362873134328358
2025-11-05 19:00:00,BUY,0.0422466713320357,14144.673392934936,0.8362873134328358
2025-11-05 19:00:00,BUY,0.0422466713320357,14144.673392934936,0.8362873134328358
2025-11-05 19:00:00,BUY,0.0422466713320357,14144.673392934936,0.8362873134328358
2025-11-05 19:00:00,BUY,0.0422466713320357,14144.673392934936,0.8362873134328358
2025-11-05 19:00:00,BUY,0.0422466713320357,14144.673392934936,0.8362873134328358
2025-11-05 19:00:00,BUY,0.0422466713320357,14144.673392934936,0.8362873134328358
2025-11-05 19:00:00,BUY,0.0422466713320357,14144.673392934936,0.8362873134328358
2025-11-05 19:00:00,BUY,0.0422466713320357,14144.673392934936,0.8362873134328358
2025-11-05 19:00:00,BUY,0.0422466713320357,14144.673392934936,0.8362873134328358
2025-11-05 19:00:00,BUY,0.0422466713320357,14144.673392934936,0.8362873134328358
2025-11-05 19:00:00,BUY,0.0422466713320357,14144.673392934936,0.8362873134328358
2025-11-05 19:00:00,BUY,0.0422466713320357,14144.673392934936,0.8362873134328358
2025-11-05 19:00:00,BUY,0.0422466713320357,14144.673392934936,0.8362873134328358
2025-11-05 19:00:00,BUY,0.0422466713320357,14144.673392934936,0.8362873134328358
2025-11-05 19:00:00,BUY,0.0422466713320357,14144.673392934936,0.8362873134328358
2025-11-05 19:00:00,BUY,0.0422466713320357,14144.673392934936,0.8362873134328358
2025-11-05 19:00:00,BUY,0.0422466713320357,14144.673392934936,0.8362873134328358
2025-11-05 19:00:00,BUY,0.0422466713320357,14144.673392934936,0.8362873134328358
2025-11-05 19:00:00,BUY,0.0422466713320357,14144.673392934936,0.8362873134328358
2025-11-05 19:00:00,BUY,0.0422466713320357,14144.673392934936,0.8362873134328358
2025-11-05 19:00:00,BUY,0.0422466713320357,14144.673392934936,0.8362873134328358
2025-11-05 19:00:00,BUY,0.0422466713320357,14144.673392934936,0.8362873134328358
2025-11-05 19:00:00,BUY,0.0422466713320357,14144.673392934936,0.8362873134328358
2025-11-05 19:00:00,BUY,0.0422466713320357,14144.673392934936,0.8362873134328358
2025-11-05 19:00:00,BUY,0.0422466713320357,14144.673392934936,0.8362873134328358
2025-11-05 19:00:00,BUY,0.0422466713320357,14144.673392934936,0.8362873134328358
2025-11-05 19:00:00,BUY,0.0422466713320357,14144.673392934936,0.8362873134328358
2025-11-05 19:00:00,BUY,0.0422466713320357,14144.673392934936,0.8362873134328358
2025-11-05 19:00:00,BUY,0.0422466713320357,14144.673392934936,0.8362873134328358
2025-11-05 19:00:00,BUY,0.0422466713320357,14144.673392934936,0.8362873134328358
2025-11-05 19:00:00,BUY,0.0422466713320357,14144.673392934936,0.8362873134328358
2025-11-05 19:00:00,BUY,0.0422466713320357,14144.673392934936,0.8362873134328358
2025-11-05 19:00:00,BUY,0.0422466713320357,14144.673392934936,0.8362873134328358
2025-11-05 19:00:00,BUY,0.0422466713320357,14144.673392934936,0.8362873134328358
2025-11-05 19:00:00,BUY,0.0422466713320357,14144.673392934936,0.8362873134328358
2025-11-05 19:00:00,BUY,0.0422466713320357,14144.673392934936,0.8362873134328358
2025-11-05 19:00:00,BUY,0.0422466713320357,14144.673392934936,0.8362873134328358
2025-11-05 19:00:00,BUY,0.0422466713320357,14144.673392934936,0.8362873134328358
2025-11-05 19:00:00,BUY,0.0422466713320357,14144.673392934936,0.8362873134328358
2025-11-05 19:00:00,BUY,0.0422466713320357,14144.673392934936,0.8362873134328358
2025-11-05 19:00:00,BUY,0.0422466713320357,14144.673392934936,0.8362873134328358
2025-11-05 20:00:00,BUY,0.0426498965874496,14212.840300724723,0.8358974358974359
2025-11-05 20:00:00,BUY,0.0426498965874496,14212.840300724723,0.8358974358974359
2025-11-05 21:00:00,BUY,0.0421845786959268,14134.17637434984,0.8355079217148182
2025-11-05 21:00:00,BUY,0.0421845786959268,14134.17637434984,0.8355079217148182
2025-11-05 23:00:00,HOLD,0.0416552971187864,6971.581347975423,0.835195530726257
2025-11-06 00:00:00,BUY,0.0416731347480659,13873.446882471091,0.8348068869241507
2025-11-06 01:00:00,HOLD,0.041363035407475,13822.088520206447,0.8348837209302326
2025-11-06 02:00:00,HOLD,0.04116780980848,13789.755439402705,0.8344955834495583
2025-11-06 03:00:00,HOLD,0.0411894721436629,13793.34313506082,0.8345724907063197
2025-11-06 04:00:00,BUY,0.0420119008269713,13929.55300307825,0.8337203901532745
2025-11-06 05:00:00,HOLD,0.0423024706079168,13977.676897971152,0.8333333333333334
2025-11-06 06:00:00,BUY,0.0427167961191796,14046.29710097567,0.8324825986078886
2025-11-06 07:00:00,BUY,0.0425103969458399,14012.11346325719,0.8325602968460112
2025-11-06 08:00:00,HOLD,0.0421420691650745,13951.111361283562,0.832637923041261
2025-11-06 09:00:00,BUY,0.0419856078585516,13925.198386281776,0.8322520852641334
2025-11-06 10:00:00,HOLD,0.0417379846926381,13884.187269534908,0.8323297823066235
2025-11-06 11:00:00,HOLD,0.0410225722776315,13765.701335612845,0.8319444444444445
2025-11-06 12:00:00,BUY,0.0408036678525013,13729.446589808656,0.8315594632114761
2025-11-06 13:00:00,BUY,0.0413045242006556,13812.397948950653,0.8307123034227567
2025-11-06 14:00:00,BUY,0.0418730244270597,13906.552423834582,0.8298659269533056
2025-11-06 15:00:00,BUY,0.0407934944198599,13727.761675425814,0.8294824399260629
2025-11-06 16:00:00,HOLD,0.040036024659339,13602.310243342125,0.8295612009237875
2025-11-06 17:00:00,BUY,0.0391954314659366,13463.091986180774,0.8291782086795937
2025-11-06 21:00:00,HOLD,0.0400435332567751,13603.553810214882,0.8276497695852535
2025-11-06 21:00:00,HOLD,0.0400435332567751,13603.553810214882,0.8276497695852535
2025-11-06 21:00:00,HOLD,0.0400435332567751,13603.553810214882,0.8276497695852535
2025-11-06 22:00:00,HOLD,0.0401370207734761,13619.03712514486,0.8272685398433901
2025-11-06 23:00:00,HOLD,0.040072763622354,13608.394915976878,0.8268876611418048
2025-11-06 23:00:00,HOLD,0.040072763622354,13608.394915976878,0.8268876611418048
2025-11-07 01:00:00,HOLD,0.0402505841018243,13637.845377191356,0.8261269549218031
2025-11-07 01:00:00,HOLD,0.0402505841018243,13637.845377191356,0.8261269549218031
2025-11-07 01:00:00,HOLD,0.0402505841018243,13637.845377191356,0.8261269549218031
2025-11-07 03:00:00,HOLD,0.0406835413320986,13709.551348042998,0.8262867647058824
2025-11-07 04:00:00,HOLD,0.0408203944596667,13732.21683481668,0.8268259072117593
2025-11-07 05:00:00,HOLD,0.0415973682106735,13860.898499531855,0.8269054178145088
2025-11-07 06:00:00,HOLD,0.0420492595436407,13935.740318732627,0.8269848554382745
2025-11-07 07:00:00,HOLD,0.0418392783737296,13900.963434097865,0.8261467889908257
2025-11-07 08:00:00,HOLD,0.0414690790075265,13839.651361897491,0.8257679963319579
2025-11-07 09:00:00,HOLD,0.0413126735146518,13813.74763069982,0.8253895508707608
2025-11-07 10:00:00,HOLD,0.0408594004909787,13738.676977178837,0.8254695373339441
2025-11-07 11:00:00,HOLD,0.0404009437209669,13662.747796445732,0.8255494505494505
2025-11-07 12:00:00,HOLD,0.0398393895331168,13569.743717959554,0.8251716247139588
2025-11-07 13:00:00,HOLD,0.0399340066627529,13585.41411832555,0.8247941445562672
2025-11-07 14:00:00,HOLD,0.0402361430172896,13635.453658300208,0.8244170096021948
2025-11-07 15:00:00,HOLD,0.0398300416748594,13568.195534432723,0.8240402193784278
2025-11-07 16:00:00,HOLD,0.0403537326013924,13654.92873505268,0.8232069438099588
2025-11-07 17:00:00,HOLD,0.0399230759888914,13583.60379036127,0.8232876712328767
2025-11-07 18:00:00,HOLD,0.0411152261518448,13781.046583455049,0.8233683249657691
2025-11-07 19:00:00,HOLD,0.0417948938834131,13893.612516394318,0.8234489051094891
2025-11-07 19:00:00,HOLD,0.0417948938834131,13893.612516394318,0.8234489051094891
2025-11-07 21:00:00,HOLD,0.0427772281207927,14056.305792465657,0.8226982680036463
2025-11-07 22:00:00,HOLD,0.0429462679826286,14084.30201601386,0.8227790432801823
2025-11-07 23:00:00,HOLD,0.0428481786315857,14068.056549591503,0.8224043715846995
2025-11-08 00:00:00,HOLD,0.0431876877885187,14124.285738085422,0.8220300409649522
2025-11-08 01:00:00,HOLD,0.0434259444534665,14163.745583717591,0.8221110100090991
2025-11-08 02:00:00,HOLD,0.043695044295218,14208.313647395806,0.8221919054115507
2025-11-08 03:00:00,HOLD,0.0437641049885611,14219.75141472612,0.8222727272727273
2025-11-08 04:00:00,HOLD,0.044011059603453,14260.651806679149,0.8223534756928669
2025-11-08 05:00:00,HOLD,0.0436812260230222,14206.02507810073,0.8219800181653043
2025-11-08 06:00:00,HOLD,0.0435096835823064,14177.61437978304,0.8216068996822514
2025-11-08 07:00:00,HOLD,0.0432156006311877,14128.908636937447,0.8212341197822142
2025-11-08 08:00:00,HOLD,0.0431831745335676,14123.538257028784,0.8208616780045351
2025-11-08 09:00:00,HOLD,0.0431341889072007,14115.425303483244,0.8204895738893926
2025-11-08 10:00:00,HOLD,0.0428443407141791,14067.42091730627,0.8201178069777979
2025-11-08 11:00:00,HOLD,0.0430072740752229,14094.405787914304,0.8197463768115942
2025-11-08 12:00:00,HOLD,0.0424808171285925,14007.214481637237,0.8193752829334541
2025-11-08 12:00:00,HOLD,0.0424808171285925,14007.214481637237,0.8193752829334541
2025-11-08 14:00:00,HOLD,0.0420089504313942,13929.064361326928,0.8186341022161918
2025-11-08 15:00:00,HOLD,0.04187194535249,13906.373708515315,0.8187160940325497
2025-11-08 16:00:00,HOLD,0.0416755646462489,13873.849319931656,0.8187980117487573
2025-11-08 17:00:00,HOLD,0.0417847917983792,13891.939418535392,0.8188798554652214
2025-11-08 20:00:00,HOLD,0.0418783050219423,13907.426991011787,0.8191249436175011
2025-11-08 21:00:00,HOLD,0.0412044333222242,13795.820991437398,0.8187556357078449
2025-11-08 22:00:00,HOLD,0.0413651394085241,13822.436982889029,0.8183866606579541
2025-11-08 23:00:00,HOLD,0.0415346829394127,13850.51662363386,0.818018018018018
2025-11-09 00:00:00,HOLD,0.0414970820575295,13844.28920080365,0.8180999549752364
2025-11-09 01:00:00,HOLD,0.0413139303256844,13813.95578256558,0.8181818181818182
2025-11-09 01:00:00,HOLD,0.0413139303256844,13813.95578256558,0.8181818181818182
2025-11-09 03:00:00,HOLD,0.0400368960358676,13602.454559906422,0.8165467625899281
2025-11-09 04:00:00,HOLD,0.0401054395424144,13613.806671244056,0.8161797752808989
2025-11-09 05:00:00,HOLD,0.0402728643273408,13641.535407267636,0.8158131176999102
2025-11-09 06:00:00,HOLD,0.0401719347176341,13624.819539866345,0.815446789402784
2025-11-09 07:00:00,HOLD,0.040247577938701,13637.34749927128,0.8150807899461401
2025-11-09 08:00:00,HOLD,0.0402663861603935,13640.462499327044,0.8147151188873935
2025-11-09 09:00:00,HOLD,0.0403696193744955,13657.559887530111,0.8143497757847533
2025-11-09 10:00:00,HOLD,0.0407491027593334,13720.409570198824,0.8148812191842223
2025-11-09 11:00:00,HOLD,0.0408885087285624,13743.497856216683,0.8149641577060932
2025-11-09 12:00:00,HOLD,0.041086404889267,13776.273232948806,0.8154948499776086
2025-11-09 13:00:00,HOLD,0.041034949026551,13767.751161173435,0.8155774395702775
2025-11-09 14:00:00,HOLD,0.0412062560080547,13796.122862957023,0.8156599552572706
2025-11-09 15:00:00,HOLD,0.0416012795574554,13861.546293121442,0.8148479427549195
2025-11-09 16:00:00,HOLD,0.0415582025276774,13854.411915807366,0.8140366562360304
2025-11-09 17:00:00,HOLD,0.041131973029498,13783.820185642246,0.8136729222520107
2025-11-09 18:00:00,HOLD,0.0410663478664705,13772.951407624152,0.8133095131755248
2025-11-09 19:00:00,HOLD,0.0412054314697792,13795.98630370031,0.8129464285714286
2025-11-09 20:00:00,HOLD,0.0415125203307575,13846.84607315196,0.8125836680053548
2025-11-09 21:00:00,HOLD,0.0412905626055395,13810.085642647788,0.812221231043711
2025-11-09 22:00:00,HOLD,0.0414876721893518,13842.730747251928,0.8118591172536781
2025-11-09 23:00:00,HOLD,0.0417947013428448,13893.580628005791,0.8114973262032086
2025-11-10 00:00:00,HOLD,0.0418234589586675,13898.343437396066,0.8115812917594655
2025-11-10 01:00:00,HOLD,0.0431171005069506,14112.59513864352,0.8116651825467498
2025-11-10 02:00:00,HOLD,0.0430179576839474,14096.17519718206,0.8117489986648865
2025-11-10 03:00:00,HOLD,0.0432071645183489,14127.511455832657,0.8118327402135231
2025-11-10 04:00:00,HOLD,0.0430196529763679,14096.455969924476,0.8114717652289907
2025-11-10 05:00:00,HOLD,0.0430319322479042,14098.489651372172,0.8111111111111111
2025-11-10 06:00:00,HOLD,0.0430819214173636,14106.768810784484,0.8107507774322523
2025-11-10 07:00:00,HOLD,0.0432771461272843,14139.101744340584,0.8103907637655418
2025-11-10 08:00:00,HOLD,0.0429111136099882,14078.479781752383,0.8100310696848646
2025-11-10 09:00:00,HOLD,0.0424357127354272,13999.744334298328,0.8096716947648624
2025-11-10 10:00:00,HOLD,0.0422249488136743,13964.837811036872,0.8093126385809313
2025-11-10 10:00:00,HOLD,0.0422249488136743,13964.837811036872,0.8093126385809313
2025-11-10 12:00:00,HOLD,0.0418983166405794,13910.7412965421,0.8085954807266282
2025-11-10 13:00:00,HOLD,0.0423516575343632,13985.823190647254,0.808237378210806
2025-11-10 13:00:00,HOLD,0.0423516575343632,13985.823190647254,0.808237378210806
2025-11-10 15:00:00,HOLD,0.0418081474314811,13895.807556608434,0.8079646017699115
2025-11-10 15:00:00,HOLD,0.0418081474314811,13895.807556608434,0.8079646017699115
2025-11-10 17:00:00,HOLD,0.0417295990963163,13882.798454928346,0.8081343943412909
2025-11-10 17:00:00,HOLD,0.0417295990963163,13882.798454928346,0.8081343943412909
2025-11-10 18:00:00,HOLD,0.0421585748716629,13953.84502094497,0.8082191780821918
2025-11-10 20:00:00,HOLD,0.0425022462147875,14010.763546816495,0.807505518763797
2025-11-10 20:00:00,HOLD,0.0425022462147875,14010.763546816495,0.807505518763797
2025-11-10 22:00:00,HOLD,0.041955915507561,13920.280766928705,0.8067931186590207
2025-11-10 22:00:00,HOLD,0.041955915507561,13920.280766928705,0.8067931186590207
2025-11-11 00:00:00,HOLD,0.0425628887286692,14020.807103151186,0.8065226972234465
2025-11-11 01:00:00,HOLD,0.0424288890489333,13998.614201734144,0.8061674008810573
2025-11-11 02:00:00,HOLD,0.0427853675961145,14057.653844742788,0.8058124174372523
2025-11-11 04:00:00,HOLD,0.0424514293512038,14002.34730547877,0.8059832820061592
2025-11-11 05:00:00,HOLD,0.0422620695928085,13970.985719699584,0.8060686015831134
2025-11-11 06:00:00,HOLD,0.0418083919483671,13895.84805326601,0.8057142857142857
2025-11-11 07:00:00,HOLD,0.0419581383373974,13920.64890992371,0.8053602811950791
2025-11-11 08:00:00,HOLD,0.0417062077571353,13878.924403247916,0.8050065876152833
2025-11-11 09:00:00,HOLD,0.0411572950448358,13788.013994098954,0.8046532045654082
2025-11-11 10:00:00,HOLD,0.0399736573531234,13591.981028517002,0.8043001316366828
2025-11-11 11:00:00,HOLD,0.0400242388057857,13600.358281318488,0.8039473684210526
2025-11-11 12:00:00,HOLD,0.039866242705737,13574.191115250862,0.8035949145111793
2025-11-11 13:00:00,HOLD,0.0400305362437114,13601.401257087824,0.8032427695004382
2025-11-11 13:00:00,HOLD,0.0400305362437114,13601.401257087824,0.8032427695004382
2025-11-11 15:00:00,HOLD,0.0403682587623973,13657.33454422912,0.8021015761821366
2025-11-11 21:00:00,HOLD,0.039095073441438,13446.470784186142,0.8
2025-11-11 21:00:00,HOLD,0.039095073441438,13446.470784186142,0.8
2025-11-11 21:00:00,HOLD,0.039095073441438,13446.470784186142,0.8
2025-11-11 21:00:00,HOLD,0.039095073441438,13446.470784186142,0.8
2025-11-11 22:00:00,HOLD,0.0388713500246583,13409.417921499764,0.7996508075076386
2025-11-11 22:00:00,HOLD,0.0388713500246583,13409.417921499764,0.7996508075076386
2025-11-11 22:00:00,HOLD,0.0388713500246583,11250.86530822385,0.8332605848974247
2025-11-11 23:00:00,HOLD,0.0392102459101078,11250.86530822385,0.8328970331588132
2025-11-12 00:00:00,HOLD,0.0391907373260199,11250.86530822385,0.8329699084169211
2025-11-12 00:00:00,HOLD,0.0391907373260199,11250.86530822385,0.8329699084169211
2025-11-12 00:00:00,HOLD,0.0391907373260199,11250.86530822385,0.8329699084169211
2025-11-12 01:00:00,HOLD,0.0389864704885178,11250.86530822385,0.8330427201394943
2025-11-12 01:00:00,HOLD,0.0389864704885178,11250.86530822385,0.8330427201394943
2025-11-12 01:00:00,HOLD,0.0389864704885178,11250.86530822385,0.8330427201394943
2025-11-12 01:00:00,HOLD,0.0389864704885178,11250.86530822385,0.8330427201394943
2025-11-12 02:00:00,HOLD,0.0393683817881965,11250.86530822385,0.8331154684095861
2025-11-12 06:00:00,HOLD,0.0393395467950961,11250.86530822385,0.8334058286211397
2025-11-12 07:00:00,HOLD,0.0394346743623653,11250.86530822385,0.8334782608695652
2025-11-12 08:00:00,HOLD,0.0395534442103652,11250.86530822385,0.8335506301607997
2025-11-12 09:00:00,HOLD,0.0401869671228646,11250.86530822385,0.8331885317115552
2025-11-12 10:00:00,HOLD,0.0403350927213307,11250.86530822385,0.8328267477203647
2025-11-12 11:00:00,HOLD,0.0407852935196769,11250.86530822385,0.8324652777777778
2025-11-12 12:00:00,HOLD,0.0409553775866546,11250.86530822385,0.8321041214750542
2025-11-12 13:00:00,HOLD,0.040851080495708,22389.22196336546,0.8313096270598439
2025-11-12 14:00:00,HOLD,0.0410870066043496,22453.54900466823,0.8313827481577807
2025-11-12 15:00:00,HOLD,0.0402924205179611,22236.899087064736,0.8310225303292894
2025-11-12 17:00:00,HOLD,0.0382869542139961,21690.093502429652,0.8307359307359308
2025-11-12 17:00:00,HOLD,0.0382869542139961,21690.093502429652,0.8307359307359308
2025-11-12 17:00:00,HOLD,0.0382869542139961,21690.093502429652,0.8307359307359308
2025-11-12 19:00:00,HOLD,0.0380981405613727,21638.612029265176,0.8304498269896193
2025-11-12 20:00:00,HOLD,0.0377192268611646,21535.298337602107,0.8300907911802854
2025-11-12 20:00:00,HOLD,0.0377192268611646,21535.298337602107,0.8300907911802854
2025-11-12 21:00:00,HOLD,0.038069589938521,21630.827485596077,0.8301642178046672
2025-11-12 22:00:00,HOLD,0.0387372518918573,21812.87057652754,0.8298056155507559
2025-11-13 00:00:00,HOLD,0.0384301243549491,21729.129926263497,0.8295209322399655
2025-11-13 00:00:00,HOLD,0.0384301243549491,21729.129926263497,0.8295209322399655
2025-11-13 01:00:00,HOLD,0.0387769930095416,21823.706293411153,0.8295944779982743
2025-11-13 03:00:00,HOLD,0.0388817008575246,21852.255681610317,0.8288793103448275
2025-11-13 03:00:00,HOLD,0.0388817008575246,21852.255681610317,0.8288793103448275
2025-11-13 04:00:00,HOLD,0.0395701226891287,22039.959110663985,0.8285221887117622
2025-11-13 06:00:00,HOLD,0.0398712564575707,22122.065514536615,0.8278088678433061
2025-11-13 08:00:00,HOLD,0.0399564868047844,22145.304214556018,0.8275268817204301
2025-11-13 11:00:00,HOLD,0.0390106533675285,21887.415560628688,0.8264604810996563
2025-11-13 15:00:00,HOLD,0.0386434156599557,21787.285416835013,0.8254716981132075
2025-11-13 15:00:00,HOLD,0.0386434156599557,21787.285416835013,0.8254716981132075
2025-11-13 16:00:00,HOLD,0.037694255419263,21528.48968474108,0.8251178739819974
2025-11-13 18:00:00,HOLD,0.036998705212147,21338.842650087256,0.8244111349036403
2025-11-13 22:00:00,HOLD,0.0361363861966043,9730.058501069296,0.8234288157332194
2025-11-13 22:00:00,HOLD,0.0361363861966043,9730.058501069296,0.8234288157332194
2025-11-13 23:00:00,HOLD,0.0365485206323026,2784.124595816503,0.7295774647887324
2025-11-13 23:00:00,HOLD,0.0365485206323026,2784.124595816503,0.7295774647887324
2025-11-14 00:00:00,HOLD,0.0361674320222077,2784.124595816503,0.7297677691766362
2025-11-14 01:00:00,HOLD,0.0362585086640429,2784.124595816503,0.729957805907173
2025-11-14 02:00:00,HOLD,0.0364183282882572,9730.058501069296,0.8228766538625694
2025-11-14 02:00:00,HOLD,0.0364183282882572,9730.058501069296,0.8228766538625694
2025-11-14 04:00:00,HOLD,0.0352493116094872,9730.058501069296,0.8221748400852879
2025-11-14 04:00:00,HOLD,0.0352493116094872,9730.058501069296,0.8221748400852879
2025-11-14 06:00:00,HOLD,0.0355847146569095,9730.058501069296,0.8219002982530891
2025-11-14 07:00:00,HOLD,0.0354268744325558,9730.058501069296,0.8219761499148212
2025-11-14 08:00:00,HOLD,0.0356306189894969,9730.058501069296,0.8220519369944658
2025-11-14 09:00:00,HOLD,0.0355935919980532,9730.058501069296,0.8221276595744681
2025-11-14 10:00:00,HOLD,0.0353005556948192,9730.058501069296,0.8222033177371332
2025-11-14 11:00:00,HOLD,0.0354031903707048,9730.058501069296,0.8218537414965986
2025-11-14 12:00:00,HOLD,0.0349842709513893,9730.058501069296,0.8215044623884403
2025-11-14 13:00:00,HOLD,0.0347726778049977,9730.058501069296,0.8211554800339848
2025-11-14 13:00:00,HOLD,0.0347726778049977,9730.058501069296,0.8211554800339848
2025-11-14 15:00:00,HOLD,0.0349493814067015,9730.058501069296,0.8208828522920204
2025-11-14 17:00:00,HOLD,0.0340841458459843,9730.058501069296,0.8206106870229007
2025-11-14 19:00:00,HOLD,0.0338218247583221,9730.058501069296,0.8199152542372882
2025-11-14 21:00:00,HOLD,0.0334629649093499,19387.7290506875,0.8187976291278577
2025-11-15 00:00:00,HOLD,0.0331038348804045,19284.081346025807,0.8181818181818182
2025-11-15 01:00:00,HOLD,0.0332121873605143,19315.35271002384,0.8178360101437024
2025-11-15 02:00:00,HOLD,0.0333662206119871,19359.807898033658,0.8179129700042248
2025-11-15 04:00:00,HOLD,0.0337806877056719,19479.426307678736,0.8172224567327987
2025-11-15 05:00:00,HOLD,0.0338166264478651,19489.798506705614,0.8168776371308016
2025-11-15 05:00:00,HOLD,0.0338166264478651,19489.798506705614,0.8168776371308016
2025-11-15 07:00:00,HOLD,0.0338739568911296,19506.344516152545,0.8170320404721754
2025-11-15 08:00:00,HOLD,0.0337659626289117,19475.176536609357,0.8171091445427728
2025-11-15 09:00:00,HOLD,0.0335226103258484,19404.943179318907,0.8167649536647009
2025-11-15 10:00:00,HOLD,0.0332295014436176,19320.34968835298,0.8164210526315789
2025-11-15 11:00:00,HOLD,0.0332252828673104,19319.132174594903,0.8160774410774411
2025-11-15 12:00:00,HOLD,0.0332255150965349,19319.19919774565,0.8157341186369373
2025-11-15 13:00:00,HOLD,0.0332161597483494,19316.499171884312,0.815811606391926
2025-11-15 14:00:00,HOLD,0.0333491649319233,19354.885496820796,0.8158890290037831
2025-11-15 15:00:00,HOLD,0.0333104778491757,19343.72010544813,0.8159663865546218
2025-11-15 16:00:00,HOLD,0.0334011175820573,19369.879433566468,0.8160436791264175
2025-11-15 17:00:00,HOLD,0.0333514246849295,19355.53767902033,0.8161209068010076
2025-11-15 18:00:00,HOLD,0.0334444349031865,19382.38114755658,0.8161980696600923
2025-11-15 18:00:00,HOLD,0.0334444349031865,19382.38114755658,0.8161980696600923
2025-11-15 19:00:00,HOLD,0.033645097888614,19440.2940375235,0.8162751677852349
2025-11-15 20:00:00,HOLD,0.0336014445860958,19427.69535670529,0.8163522012578617
2025-11-16 06:00:00,HOLD,0.033249955204585,19326.252802002906,0.8154488517745303
2025-11-16 07:00:00,HOLD,0.0331079381067834,19285.265568902185,0.8155258764607679
2025-11-16 08:00:00,HOLD,0.0331648159785839,19301.68096272341,0.8156028368794326
2025-11-16 09:00:00,HOLD,0.033107784546596,19285.221250244133,0.8156797331109258
2025-11-16 10:00:00,HOLD,0.0332114472851731,19315.139118555,0.8157565652355148
2025-11-16 10:00:00,HOLD,0.0332114472851731,19315.139118555,0.8157565652355148
2025-11-16 12:00:00,HOLD,0.0331673851800525,19302.42245414315,0.8159100374843815
2025-11-16 13:00:00,HOLD,0.0330812924271154,19277.575419613226,0.8159866777685262
2025-11-16 14:00:00,HOLD,0.0329215092875459,19231.460769416335,0.8156471077819393
2025-11-16 15:00:00,HOLD,0.0331997568781564,19311.765176650435,0.8157237936772047
2025-11-16 16:00:00,HOLD,0.0325883612315605,19135.311663153072,0.8153846153846154
2025-11-16 17:00:00,HOLD,0.032213505765344,19027.12547563952,0.815045719035744
2025-11-17 02:00:00,HOLD,0.0321544004327847,19010.06721941117,0.8136645962732919
2025-11-17 03:00:00,HOLD,0.0321968281458111,19022.31218562063,0.8137417218543046
2025-11-17 05:00:00,HOLD,0.0321399850273154,19005.90682187202,0.8138957816377171
2025-11-17 06:00:00,HOLD,0.0321398574274494,19005.86999556355,0.8139727159983464
2025-11-17 11:00:00,HOLD,0.032171433893612,19014.983207980506,0.8143564356435643
2025-11-17 13:00:00,HOLD,0.0320872830566583,18990.696625426473,0.8145094806265457
2025-11-17 14:00:00,HOLD,0.0319500326100648,18951.085084740273,0.8141738772146683
2025-11-17 15:00:00,HOLD,0.0319142942737701,18940.77072440606,0.8138385502471169
2025-11-17 15:00:00,HOLD,0.0319142942737701,18940.77072440606,0.8138385502471169
2025-11-17 17:00:00,HOLD,0.0312760927704039,31594.58864176775,0.837037037037037
2025-11-17 17:00:00,HOLD,0.0312760927704039,31594.58864176775,0.837037037037037
2025-11-17 18:00:00,HOLD,0.03081,6051.740407886295,0.8549931600547196
2025-11-17 18:00:00,HOLD,0.03081,6051.740407886295,0.8549931600547196
2025-11-17 18:00:00,HOLD,0.03067,6051.740407886295,0.8549931600547196
2025-11-17 18:00:00,HOLD,0.03068,6082.124070786217,0.8429282160625444
2025-11-17 18:00:00+00:00,HOLD,0.03099,6082.124070786217,0.8429282160625444
2025-11-17 18:00:00+00:00,HOLD,0.03099,6051.740407886295,0.8549931600547196
2025-11-17 19:00:00+00:00,HOLD,0.03056,6051.740407886295,0.8544087491455913
2025-11-17 20:00:00+00:00,HOLD,0.0303,6051.740407886295,0.855191256830601
2025-11-17 22:00:00+00:00,HOLD,0.03039,6051.740407886295,0.8533424283765347
2025-11-17 22:00:00+00:00,HOLD,0.03039,6051.740407886295,0.8533424283765347
2025-11-17 23:00:00+00:00,HOLD,0.03021,6051.740407886295,0.852760736196319
2025-11-18 00:00:00+00:00,HOLD,0.03001,6051.740407886295,0.8514986376021798
2025-11-18 01:00:00+00:00,HOLD,0.03057,6051.740407886295,0.8515997277059224
2025-11-18 02:00:00+00:00,HOLD,0.03039,6051.740407886295,0.8510204081632653
2025-11-18 03:00:00+00:00,HOLD,0.02985,6051.740407886295,0.8511216859279401
2025-11-18 04:00:00+00:00,HOLD,0.02959,6051.740407886295,0.8498641304347826
2025-11-18 05:00:00+00:00,HOLD,0.02981,6051.740407886295,0.8506449422946368
2025-11-18 06:00:00+00:00,HOLD,0.02963,6051.740407886295,0.8507462686567164
2025-11-18 07:00:00+00:00,HOLD,0.02971,6051.740407886295,0.8501694915254238
2025-11-18 07:00:00+00:00,HOLD,0.02971,6051.740407886295,0.8501694915254238
2025-11-18 10:00:00+00:00,HOLD,0.02988,6051.740407886295,0.8490182802979012
2025-11-18 10:00:00+00:00,HOLD,0.02988,6051.740407886295,0.8490182802979012
2025-11-18 12:00:00+00:00,HOLD,0.02972,6051.740407886295,0.8492224475997295
2025-11-18 13:00:00+00:00,HOLD,0.02885,6051.740407886295,0.8493243243243244
2025-11-18 13:00:00+00:00,HOLD,0.02885,6051.740407886295,0.8493243243243244
2025-11-18 14:00:00+00:00,HOLD,0.02858,6051.740407886295,0.8480756245779878
2025-11-18 15:00:00+00:00,HOLD,0.02921,6051.740407886295,0.8468286099865048
2025-11-18 17:00:00+00:00,HOLD,0.03,6051.740407886295,0.8463611859838275
2025-11-18 18:00:00+00:00,HOLD,0.03032,6051.740407886295,0.8457912457912458
2025-11-18 21:00:00+00:00,BUY,0.03057,12042.963411693729,0.844758064516129
2025-11-18 23:00:00+00:00,HOLD,0.03071,12070.401135623497,0.8436241610738255
2025-11-19 01:00:00+00:00,HOLD,0.03033,11995.927313528407,0.8424932975871313
2025-11-19 03:00:00+00:00,HOLD,0.03036,12001.806825799073,0.8420348058902276
2025-11-19 06:00:00+00:00,HOLD,0.02979,11890.09609265644,0.8403473613894455
2025-11-19 07:00:00+00:00,HOLD,0.02985,11901.85511719777,0.8397863818424566
2025-11-19 07:00:00+00:00,HOLD,0.02985,11901.85511719777,0.8397863818424566
2025-11-19 08:00:00+00:00,SELL,0.03006,5832.358582254068,0.8398932621747832
2025-11-19 08:00:00+00:00,SELL,0.03006,5832.358582254068,0.8398932621747832
2025-11-19 11:00:00+00:00,HOLD,0.02997,5832.358582254068,0.8407728181212525
2025-11-19 11:00:00+00:00,HOLD,0.02997,5832.358582254068,0.8407728181212525
2025-11-19 12:00:00+00:00,HOLD,0.03,5832.358582254068,0.8408788282290279
2025-11-19 14:00:00+00:00,HOLD,0.02981,5832.358582254068,0.8397606382978723
2025-11-19 14:00:00+00:00,HOLD,0.02981,5832.358582254068,0.8397606382978723
2025-11-19 14:00:00+00:00,HOLD,0.02981,5832.358582254068,0.8397606382978723
2025-11-19 18:00:00+00:00,HOLD,0.02942,5832.358582254068,0.8380889183808892
2025-11-19 20:00:00+00:00,HOLD,0.02906,5832.358582254068,0.8369781312127237
2025-11-19 22:00:00+00:00,HOLD,0.02941,5832.358582254068,0.8365320979483786
2025-11-20 01:00:00+00:00,HOLD,0.02983,5832.358582254068,0.8355350066050198
2025-11-20 03:00:00+00:00,HOLD,0.02988,11592.898338293267,0.8337730870712401
2025-11-20 05:00:00+00:00,HOLD,0.03005,11625.672493531778,0.8326745718050066
2025-11-20 06:00:00+00:00,HOLD,0.0301,11635.311950954869,0.8321263989466754
2025-11-20 07:00:00+00:00,HOLD,0.03002,11619.888819077923,0.8322368421052632
2025-11-20 07:00:00+00:00,HOLD,0.03002,11619.888819077923,0.8322368421052632
2025-11-20 07:00:00+00:00,HOLD,0.03002,11619.888819077923,0.8322368421052632
2025-11-20 07:00:00+00:00,HOLD,0.03002,11619.888819077923,0.8322368421052632
2025-11-20 10:00:00+00:00,HOLD,0.03001,11617.960927593303,0.8323471400394478
2025-11-20 11:00:00+00:00,HOLD,0.0296,11538.91737672396,0.8324572930354797
2025-11-20 13:00:00+00:00,HOLD,0.02946,11511.926895939305,0.8313648293963255
2025-11-20 13:00:00+00:00,HOLD,0.02946,11511.926895939305,0.8313648293963255
2025-11-20 15:00:00+00:00,HOLD,0.02923,11467.585391793084,0.8302752293577982
2025-11-20 15:00:00+00:00,HOLD,0.02923,11467.585391793084,0.8302752293577982
2025-11-20 15:00:00+00:00,HOLD,0.02923,11467.585391793084,0.8302752293577982
2025-11-20 15:00:00+00:00,HOLD,0.02848,16231.228780820487,0.820440881763527
2025-11-20 15:00:00+00:00,HOLD,0.02848,16231.228780820487,0.820440881763527
2025-11-20 16:00:00+00:00,HOLD,0.02772,16231.228780820487,0.8201121794871795
2025-11-20 17:00:00+00:00,HOLD,0.02725,16231.228780820487,0.8197837404885863
2025-11-20 18:00:00+00:00,HOLD,0.02724,16231.228780820487,0.8194555644515612
2025-11-20 19:00:00+00:00,HOLD,0.02719,16231.228780820487,0.8191276510604242
2025-11-20 20:00:00+00:00,HOLD,0.02696,32300.14527383277,0.8184
2025-11-20 21:00:00+00:00,HOLD,0.02718,32431.27144699533,0.8184726109556177
2025-11-20 22:00:00+00:00,HOLD,0.02718,32431.27144699533,0.8185451638689049
2025-11-20 23:00:00+00:00,HOLD,0.02665,32115.37657528552,0.8186176588094287
2025-11-21 00:00:00+00:00,HOLD,0.02662,32097.49573349063,0.8182907348242812
2025-11-21 03:00:00+00:00,HOLD,0.02559,31483.586831865898,0.8161148783406462
2025-11-21 05:00:00+00:00,HOLD,0.02562,31501.46767366079,0.8154643284176963
2025-11-21 05:00:00+00:00,HOLD,0.02562,31501.46767366079,0.8154643284176963
2025-11-21 06:00:00+00:00,HOLD,0.0254,31370.34150049823,0.8151394422310757
2025-11-21 08:00:00+00:00,HOLD,0.02473,30971.00270041224,0.8144904458598726
2025-11-21 08:00:00+00:00,HOLD,0.02473,30971.00270041224,0.8144904458598726
2025-11-21 10:00:00+00:00,HOLD,0.02443,30792.194282463293,0.8138424821002387
2025-11-21 10:00:00+00:00,HOLD,0.02443,30792.194282463293,0.8138424821002387
2025-11-21 12:00:00+00:00,HOLD,0.02381,28005.50190399745,0.8131955484896661
2025-11-21 12:00:00+00:00,HOLD,0.02381,28005.50190399745,0.8131955484896661
2025-11-21 13:00:00+00:00,HOLD,0.02405,28145.937539807535,0.813269765593961
2025-11-21 13:00:00+00:00,HOLD,0.02405,28145.937539807535,0.813269765593961
2025-11-21 15:00:00+00:00,HOLD,0.02241,27186.294028438628,0.812946783161239
2025-11-21 18:00:00+00:00,HOLD,0.02314,27613.452420694302,0.8127727092423641
2025-11-21 19:00:00+00:00,HOLD,0.023,27531.531633138417,0.8124504361617764
2025-11-21 19:00:00+00:00,HOLD,0.023,27531.531633138417,0.8124504361617764
2025-11-21 20:00:00+00:00,HOLD,0.02352,27835.808844060262,0.8125247720967103
2025-11-21 22:00:00+00:00,HOLD,0.02353,27841.66032888569,0.8134653465346534
2025-11-21 23:00:00+00:00,HOLD,0.02236,27157.03660431153,0.8127474267616785
2025-11-21 23:00:00+00:00,HOLD,0.02236,27157.03660431153,0.8127474267616785
2025-11-22 00:00:00+00:00,HOLD,0.0227,27355.987088375816,0.8124258013454689
2025-11-22 01:00:00+00:00,HOLD,0.02306,27566.64054209094,0.8121044303797469
2025-11-22 03:00:00+00:00,HOLD,0.02268,27344.284118724972,0.8122529644268774
2025-11-22 04:00:00+00:00,HOLD,0.02257,27279.917785645353,0.811932042670881
2025-11-22 05:00:00+00:00,HOLD,0.02237,27162.888089136948,0.8116113744075829
2025-11-22 08:00:00+00:00,HOLD,0.02244,27203.84848291489,0.811439842209073
2025-11-22 11:00:00+00:00,HOLD,0.02234,27145.33363466069,0.8108001576665352
2025-11-22 14:00:00+00:00,HOLD,0.02254,27262.363331169097,0.8110236220472441
2025-11-22 15:00:00+00:00,HOLD,0.02231,27127.77918018443,0.8110979929161747
2025-11-22 15:00:00+00:00,HOLD,0.02231,27127.77918018443,0.8110979929161747
2025-11-22 18:00:00+00:00,SELL,0.0267,15467.229839033069,0.8100668501769563
2025-11-22 19:00:00+00:00,HOLD,0.026,15467.229839033069,0.809748427672956
2025-11-22 21:00:00+00:00,BUY,0.02555,30779.787379675807,0.8095051060487038
2025-11-22 22:00:00+00:00,HOLD,0.02483,30348.278908863176,0.8091872791519434
2025-11-22 23:00:00+00:00,HOLD,0.02484,30354.272082068903,0.8084772370486656
2025-11-23 00:00:00+00:00,HOLD,0.02464,30234.408617954286,0.808552373479796
2025-11-23 03:00:00+00:00,HOLD,0.025,30450.1628533606,0.8072100313479624
2025-11-23 04:00:00+00:00,HOLD,0.02461,30216.429098337092,0.8072855464159812
2025-11-23 04:00:00+00:00,HOLD,0.02461,30216.429098337092,0.8072855464159812
2025-11-23 05:00:00+00:00,HOLD,0.02582,30941.603056230542,0.807752545027408
2025-11-23 07:00:00+00:00,HOLD,0.02655,31379.104700248907,0.8071205007824727
2025-11-23 08:00:00+00:00,HOLD,0.02665,31439.036432306217,0.8068048494329292
2025-11-23 08:00:00+00:00,HOLD,0.02665,31439.036432306217,0.8068048494329292
2025-11-23 10:00:00+00:00,HOLD,0.02796,16660.54205807576,0.8061742868307933
2025-11-23 11:00:00+00:00,HOLD,0.02702,16660.54205807576,0.805859375
2025-11-23 12:00:00+00:00,HOLD,0.02709,16660.54205807576,0.8055447090980086
2025-11-23 12:00:00+00:00,HOLD,0.02709,16660.54205807576,0.8055447090980086
2025-11-23 12:00:00+00:00,HOLD,0.02709,16660.54205807576,0.8055447090980086
2025-11-23 15:00:00+00:00,HOLD,0.02675,16660.54205807576,0.8052302888368462
2025-11-23 17:00:00+00:00,HOLD,0.02656,16660.54205807576,0.8046021840873635
2025-11-23 19:00:00+00:00,HOLD,0.02666,16660.54205807576,0.8047544816835541
2025-11-23 21:00:00+00:00,HOLD,0.02613,16660.54205807576,0.8045171339563862
2025-11-23 21:00:00+00:00,HOLD,0.02613,16660.54205807576,0.8045171339563862
2025-11-23 22:00:00+00:00,HOLD,0.02641,16660.54205807576,0.8042039704165045
2025-11-23 23:00:00+00:00,HOLD,0.0265,16660.54205807576,0.8038910505836576
2025-11-24 00:00:00+00:00,HOLD,0.02602,16660.54205807576,0.8039673278879813
2025-11-24 01:00:00+00:00,HOLD,0.02634,16660.54205807576,0.8040435458786936
2025-11-24 03:00:00+00:00,HOLD,0.0259,16660.54205807576,0.8038073038073038
2025-11-24 05:00:00+00:00,HOLD,0.02567,16660.54205807576,0.8031832298136646
2025-11-24 06:00:00+00:00,HOLD,0.02537,16660.54205807576,0.802871556072953
2025-11-24 06:00:00+00:00,HOLD,0.02537,16660.54205807576,0.802871556072953
2025-11-24 07:00:00+00:00,HOLD,0.02514,16660.54205807576,0.8025601241272304
2025-11-24 08:00:00+00:00,HOLD,0.02519,16660.54205807576,0.8022489336952308
2025-11-24 10:00:00+00:00,HOLD,0.02496,16660.54205807576,0.8016272762495157
2025-11-24 10:00:00+00:00,HOLD,0.02496,16660.54205807576,0.8016272762495157
2025-11-24 11:00:00+00:00,HOLD,0.02485,16660.54205807576,0.8013168086754454
2025-11-24 12:00:00+00:00,HOLD,0.02472,16660.54205807576,0.8010065814943864
2025-11-24 12:00:00+00:00,HOLD,0.02472,16660.54205807576,0.8010065814943864
2025-11-24 14:00:00+00:00,HOLD,0.02472,16660.54205807576,0.8006965944272446
2025-11-24 16:20:00+00:00,HOLD,0.02541,2.466781710055054,0.28060522696011
2025-11-24 16:20:00+00:00,HOLD,0.02541,2.2241974550915744,0.2260940445259565
2025-11-24 16:55:00+00:00,HOLD,0.02599,2.2241974550915744,0.2260594947025264
2025-11-26 14:05:00+00:00,HOLD,0.02374,692.1600199302437,0.222261430659878
2025-11-26 14:50:00+00:00,HOLD,0.02372,580.4430851447253,0.22134287730618
2025-11-26 14:55:00+00:00,HOLD,0.02355,580.4430851447253,0.2213317203488079
2025-11-26 13:00:00+00:00,HOLD,0.02363,1474.362678578513,0.1469194312796208
2025-11-26 13:00:00+00:00,HOLD,0.02363,1474.362678578513,0.1469194312796208
2025-11-26 13:00:00+00:00,HOLD,0.02363,1474.362678578513,0.1469194312796208
2025-11-26 16:00:00+00:00,HOLD,0.02389,35819.790672368414,0.8109339407744874
2025-11-26 16:00:00+00:00,HOLD,0.02389,35819.790672368414,0.8109339407744874
2025-11-26 16:00:00+00:00,HOLD,0.02389,26665.219557534627,0.6127562642369021
2025-11-26 16:00:00+00:00,HOLD,0.02389,26665.219557534627,0.6127562642369021
2025-11-26 17:00:00+00:00,HOLD,0.02505,26665.219557534627,0.6125237191650854
2025-11-26 18:00:00+00:00,HOLD,0.02537,26665.219557534627,0.6122913505311077
2025-11-26 20:00:00+00:00,HOLD,0.02506,26665.219557534627,0.6122062168309326
2025-11-26 22:00:00+00:00,HOLD,0.02519,26665.219557534627,0.6121212121212121
2025-11-26 23:00:00+00:00,HOLD,0.02551,26665.219557534627,0.6118894358197653
2025-11-27 01:00:00+00:00,HOLD,0.02611,26665.219557534627,0.6114264093832765
2025-11-27 03:00:00+00:00,HOLD,0.02599,26665.219557534627,0.6109640831758034
2025-11-27 04:00:00+00:00,HOLD,0.02598,26665.219557534627,0.6111111111111112
2025-11-27 04:00:00+00:00,HOLD,0.02598,26665.219557534627,0.6111111111111112
2025-11-27 06:00:00+00:00,HOLD,0.0268,26665.219557534627,0.6108802417831507
2025-11-27 07:00:00+00:00,HOLD,0.02692,26665.219557534627,0.6102719033232629
2025-11-27 08:00:00+00:00,HOLD,0.0267,26665.219557534627,0.6100415251038127
2025-11-27 10:00:00+00:00,HOLD,0.02693,26665.219557534627,0.6103357223689174
2025-11-27 10:00:00+00:00,HOLD,0.02693,26665.219557534627,0.6103357223689174
2025-11-27 11:00:00+00:00,HOLD,0.02657,26665.219557534627,0.6104826546003017
2025-11-27 11:00:00+00:00,HOLD,0.02657,26665.219557534627,0.6104826546003017
2025-11-27 13:00:00+00:00,HOLD,0.02665,26665.219557534627,0.6102525442894836
2025-11-27 14:00:00+00:00,HOLD,0.02641,26665.219557534627,0.6100226073850791
2025-11-27 15:00:00+00:00,HOLD,0.02751,26665.219557534627,0.6097928436911487
2025-11-27 17:00:00+00:00,HOLD,0.02877,26665.219557534627,0.6089574708317651
2025-11-27 17:00:00+00:00,HOLD,0.02877,26665.219557534627,0.6089574708317651
2025-11-27 19:00:00+00:00,HOLD,0.02896,26665.219557534627,0.6088755171116961
2025-11-27 21:00:00+00:00,HOLD,0.03166,26665.219557534627,0.608793686583991
2025-11-27 22:00:00+00:00,HOLD,0.03114,26665.219557534627,0.608564988730278
2025-11-27 23:00:00+00:00,HOLD,0.02985,26665.219557534627,0.6083364626361246
2025-11-28 01:00:00+00:00,HOLD,0.03192,26665.219557534627,0.6078799249530957
2025-11-28 02:00:00+00:00,HOLD,0.03166,26665.219557534627,0.6076519129782446
2025-11-28 04:00:00+00:00,HOLD,0.033,26665.219557534627,0.6071964017991005
2025-11-28 05:00:00+00:00,HOLD,0.03305,26665.219557534627,0.6069689022105658
2025-11-28 07:00:00+00:00,HOLD,0.03277,26665.219557534627,0.6065144140771247
2025-11-28 08:00:00+00:00,HOLD,0.03252,26665.219557534627,0.6062874251497006
2025-11-28 10:00:00+00:00,HOLD,0.03329,26665.219557534627,0.605833956619297
2025-11-28 13:00:00+00:00,HOLD,0.03351,26665.219557534627,0.6059021292491595
2025-11-28 15:00:00+00:00,HOLD,0.03418,26665.219557534627,0.6054497946995148
2025-11-28 16:00:00+00:00,HOLD,0.03174,26665.219557534627,0.6052238805970149
2025-11-28 16:00:00+00:00,HOLD,0.03174,41069.331154929736,0.814179104477612
2025-11-28 16:00:00+00:00,HOLD,0.03174,41069.331154929736,0.814179104477612
2025-11-28 18:00:00+00:00,HOLD,0.02988,39872.02346986472,0.8128262490678598
2025-11-28 19:00:00+00:00,HOLD,0.02947,39608.100808103074,0.8125232948192322
2025-11-28 19:00:00+00:00,HOLD,0.02947,39608.100808103074,0.8125232948192322
2025-11-28 20:00:00+00:00,HOLD,0.0285,18162.385125865298,0.812220566318927
2025-11-28 21:00:00+00:00,HOLD,0.0285,36143.14640047193,0.8119180633147114
2025-11-28 22:00:00+00:00,HOLD,0.02876,36307.18141560869,0.8116157855547282
2025-11-29 00:00:00+00:00,HOLD,0.02913,36540.6158602264,0.8113839285714286
2025-11-29 00:00:00+00:00,HOLD,0.02913,36540.6158602264,0.8113839285714286
2025-11-29 02:00:00+00:00,HOLD,0.02753,35531.16961323093,0.8107806691449814
2025-11-29 02:00:00+00:00,HOLD,0.02753,35531.16961323093,0.8107806691449814
2025-11-29 03:00:00+00:00,HOLD,0.0273,35386.06171522534,0.810479375696767
2025-11-29 04:00:00+00:00,HOLD,0.02793,35783.5311749798,0.8105497771173849
2025-11-29 05:00:00+00:00,HOLD,0.02782,35714.13174549886,0.8106201262532492
2025-11-29 06:00:00+00:00,SELL,0.02743,17132.637155959143,0.8103192279138827
2025-11-29 09:00:00+00:00,HOLD,0.02684,17132.637155959143,0.8097886540600667
2025-11-29 12:00:00+00:00,HOLD,0.02678,34018.28410042828,0.8103703703703704
2025-11-29 14:00:00+00:00,HOLD,0.02672,33980.45218046308,0.810140636565507
2025-11-29 14:00:00+00:00,HOLD,0.02672,33980.45218046308,0.810140636565507
2025-11-29 16:00:00+00:00,HOLD,0.02754,34497.48841998753,0.808801775147929
2025-11-29 16:00:00+00:00,HOLD,0.02754,34497.48841998753,0.808801775147929
2025-11-29 17:00:00+00:00,HOLD,0.02734,34371.38202010352,0.8081330868761553
2025-11-29 18:00:00+00:00,HOLD,0.0275,34472.26714001073,0.8085735402808574
2025-11-29 19:00:00+00:00,HOLD,0.02726,34320.93946014991,0.8086442556335427
2025-11-29 20:00:00+00:00,HOLD,0.02725,34314.634140155715,0.808714918759232
2025-11-29 22:00:00+00:00,SELL,0.02655,16573.218338756506,0.808047249907715
2025-11-30 01:00:00+00:00,SELL,0.02667,16213.01568884928,0.8064159292035398
2025-11-30 03:00:00+00:00,HOLD,0.02661,16213.01568884928,0.8061901252763449
2025-11-30 03:00:00+00:00,HOLD,0.02661,16213.01568884928,0.8061901252763449
2025-11-30 05:00:00+00:00,HOLD,0.02647,16213.01568884928,0.8066298342541437
2025-11-30 05:00:00+00:00,HOLD,0.02647,16213.01568884928,0.8066298342541437
2025-11-30 07:00:00+00:00,HOLD,0.02655,16213.01568884928,0.8063328424153167
2025-11-30 07:00:00+00:00,HOLD,0.02655,16213.01568884928,0.8063328424153167
2025-11-30 07:00:00+00:00,HOLD,0.02655,16213.01568884928,0.8063328424153167
2025-11-30 07:00:00+00:00,HOLD,0.02655,16213.01568884928,0.8063328424153167
2025-11-30 07:00:00+00:00,HOLD,0.02655,16213.01568884928,0.8063328424153167
2025-11-30 12:00:00+00:00,HOLD,0.02678,16213.01568884928,0.8064041221935959
2025-11-30 13:00:00+00:00,HOLD,0.02699,16213.01568884928,0.8061074319352465
2025-11-30 13:00:00+00:00,HOLD,0.02699,16213.01568884928,0.8061074319352465
2025-11-30 15:00:00+00:00,HOLD,0.02714,16213.01568884928,0.8058109599117322
2025-11-30 16:00:00+00:00,HOLD,0.02731,16213.01568884928,0.805514705882353
2025-11-30 17:00:00+00:00,HOLD,0.02757,16213.01568884928,0.8052186696067622
2025-11-30 18:00:00+00:00,HOLD,0.02781,16213.01568884928,0.804922850844967
2025-11-30 19:00:00+00:00,HOLD,0.02761,16213.01568884928,0.8046272493573264
2025-11-30 20:00:00+00:00,HOLD,0.02745,16213.01568884928,0.8046989720998532
2025-11-30 21:00:00+00:00,BUY,0.02695,32263.90122081007,0.8040366972477064
2025-11-30 23:00:00+00:00,HOLD,0.0264,31936.33212832107,0.8027136046938027
2025-12-01 01:00:00+00:00,HOLD,0.02471,30929.801644127612,0.8028581898131184
2025-12-01 03:00:00+00:00,HOLD,0.025,31102.51989289454,0.8026363969242036
2025-12-01 05:00:00+00:00,SELL,0.02481,14628.580532373566,0.8024149286498353
2025-12-01 05:00:00+00:00,SELL,0.02481,14628.580532373566,0.8024149286498353
2025-12-01 06:00:00+00:00,HOLD,0.02465,14628.580532373566,0.8017556693489393
2025-12-01 07:00:00+00:00,BUY,0.02453,29110.875259423396,0.8010968921389396
2025-12-01 09:00:00+00:00,HOLD,0.02425,28945.56573950599,0.8008768724881257
2025-12-01 09:00:00+00:00,HOLD,0.02425,28945.56573950599,0.8008768724881257
2025-12-01 10:00:00+00:00,HOLD,0.02472,29223.04957651021,0.8009495982468955
2025-12-01 11:00:00+00:00,SELL,0.02465,14407.610247515717,0.80065717415115
2025-12-01 12:00:00+00:00,HOLD,0.02403,14407.610247515717,0.8003649635036496
2025-12-01 14:00:00+00:00,HOLD,0.02408,14407.610247515717,0.8001458789204959
2025-12-02 01:00:00+00:00,HOLD,0.02334,14012.230065469324,0.7987649836541955
2025-12-02 04:00:00+00:00,HOLD,0.02329,14012.230065469324,0.7989110707803992
2025-12-02 05:00:00+00:00,HOLD,0.02345,14012.230065469324,0.7989840348330914
2025-12-02 05:00:00+00:00,HOLD,0.02345,14012.230065469324,0.7989840348330914
2025-12-02 06:00:00+00:00,HOLD,0.02389,14012.230065469324,0.7983315197678637
2025-12-02 08:00:00+00:00,HOLD,0.0239,14012.230065469324,0.797752808988764
2025-12-02 09:00:00+00:00,HOLD,0.02429,14012.230065469324,0.7978260869565217
2025-12-02 09:00:00+00:00,HOLD,0.02429,14012.230065469324,0.7978260869565217
2025-12-02 11:00:00+00:00,HOLD,0.02486,14012.230065469324,0.7968863142650253
2025-12-02 12:00:00+00:00,HOLD,0.02445,14012.230065469324,0.7969598262757872
2025-12-02 12:00:00+00:00,HOLD,0.02445,14012.230065469324,0.7969598262757872
2025-12-02 13:00:00+00:00,BUY,0.02488,27884.337830283956,0.7963096960926194
2025-12-02 15:00:00+00:00,HOLD,0.02543,28190.996161097784,0.7960954446854663
2025-12-02 15:00:00+00:00,HOLD,0.02543,18618.906465202897,0.6084598698481561
2025-12-02 15:00:00+00:00,HOLD,0.02543,18618.906465202897,0.6084598698481561
2025-12-02 15:00:00+00:00,HOLD,0.02543,18618.906465202897,0.6084598698481561
2025-12-02 15:00:00+00:00,HOLD,0.02543,18618.906465202897,0.6084598698481561
2025-12-02 16:00:00+00:00,HOLD,0.02563,18855.167213371587,0.6082399710878208
2025-12-02 16:00:00+00:00,HOLD,0.02563,18855.167213371587,0.6082399710878208
2025-12-02 16:00:00+00:00,HOLD,0.02563,18855.167213371587,0.6082399710878208
2025-12-02 16:00:00+00:00,HOLD,0.02563,18855.167213371587,0.6082399710878208
2025-12-02 16:00:00+00:00,HOLD,0.02563,18855.167213371587,0.6082399710878208
2025-12-02 17:00:00+00:00,HOLD,0.02688,18855.167213371587,0.6080202312138728
2025-12-02 18:00:00+00:00,HOLD,0.02717,18855.167213371587,0.6078006500541712
2025-12-02 19:00:00+00:00,HOLD,0.02647,18855.167213371587,0.6075812274368231
2025-12-02 20:00:00+00:00,HOLD,0.0256,37521.78275460946,0.6070010826416457
2025-12-02 21:00:00+00:00,HOLD,0.02581,37674.90733522117,0.6064213564213564
2025-12-02 22:00:00+00:00,HOLD,0.02646,38148.86437044792,0.6065632888568337
2025-12-02 23:00:00+00:00,HOLD,0.02586,37711.36556870016,0.606705118961788
2025-12-03 00:00:00+00:00,HOLD,0.02614,37915.53167618244,0.6068468468468469
2025-12-03 01:00:00+00:00,HOLD,0.02634,38061.36461009836,0.6069884726224783
2025-12-03 02:00:00+00:00,HOLD,0.02625,37995.73978983619,0.6074900972272236
2025-12-03 03:00:00+00:00,HOLD,0.02683,38418.655298192374,0.6079913606911447
2025-12-03 07:00:00+00:00,HOLD,0.02755,39102.273528965554,0.607117181883537
2025-12-03 07:00:00+00:00,HOLD,0.02755,39102.273528965554,0.607117181883537
2025-12-03 07:00:00+00:00,HOLD,0.02755,39102.273528965554,0.607117181883537
2025-12-03 08:00:00+00:00,HOLD,0.02738,38982.23754806422,0.6072583542939274
2025-12-03 09:00:00+00:00,HOLD,0.02757,39116.39540907159,0.6073994252873564
2025-12-03 10:00:00+00:00,HOLD,0.02764,39165.82198944273,0.607181328545781
2025-12-03 11:00:00+00:00,HOLD,0.02753,39088.151648859515,0.6073223259152908
2025-12-03 11:00:00+00:00,HOLD,0.02753,39088.151648859515,0.6073223259152908
2025-12-03 14:00:00+00:00,HOLD,0.02728,38911.62814753403,0.6076040172166427
2025-12-03 14:00:00+00:00,HOLD,0.02728,38911.62814753403,0.6076040172166427
2025-12-03 15:00:00+00:00,HOLD,0.02765,39172.88292949575,0.6073861599139476
2025-12-03 16:00:00+00:00,HOLD,0.02723,38876.32344726894,0.607168458781362
2025-12-03 18:00:00+00:00,HOLD,0.02736,38968.11566795819,0.6074498567335244
2025-12-03 18:00:00+00:00,HOLD,0.02736,38968.11566795819,0.6074498567335244
2025-12-03 19:00:00+00:00,HOLD,0.02721,38862.2015671629,0.6072323666308629
2025-12-03 20:00:00+00:00,HOLD,0.02728,38911.62814753403,0.6070150322118826
2025-12-03 20:00:00+00:00,HOLD,0.02728,38911.62814753403,0.6070150322118826
2025-12-03 21:00:00+00:00,HOLD,0.02775,39243.49233002594,0.6064400715563506
2025-12-03 22:00:00+00:00,HOLD,0.0281,39490.62523188162,0.6069384835479256
2025-12-03 23:00:00+00:00,HOLD,0.02779,39271.73609023802,0.607079013228459
2025-12-04 00:00:00+00:00,HOLD,0.02794,39377.6501910333,0.6068620443173696
2025-12-04 01:00:00+00:00,HOLD,0.027,38713.92182604949,0.6066452304394426
2025-12-04 02:00:00+00:00,HOLD,0.02746,39038.72506848838,0.6064285714285714
2025-12-04 03:00:00+00:00,HOLD,0.02753,39088.151648859515,0.6062120671188861
2025-12-04 04:00:00+00:00,HOLD,0.02732,38939.871907746114,0.605638829407566
2025-12-04 05:00:00+00:00,HOLD,0.0274,38996.35942817027,0.6054227613271495
2025-12-04 05:00:00+00:00,HOLD,0.0274,38996.35942817027,0.6054227613271495
2025-12-04 08:00:00+00:00,HOLD,0.02715,38819.83592684478,0.6049910873440285
2025-12-04 08:00:00+00:00,HOLD,0.02715,38819.83592684478,0.6049910873440285
2025-12-04 09:00:00+00:00,HOLD,0.02677,38551.52020483004,0.6051318602993585
2025-12-04 09:00:00+00:00,HOLD,0.02677,38551.52020483004,0.6051318602993585
2025-12-04 11:00:00+00:00,HOLD,0.027,38713.92182604949,0.6049162807267545
2025-12-04 12:00:00+00:00,HOLD,0.02669,38495.03268440589,0.6047008547008547
2025-12-04 13:00:00+00:00,HOLD,0.02662,38445.60610403475,0.6041295834816661
2025-12-04 14:00:00+00:00,HOLD,0.02663,38452.66704408778,0.603914590747331
2025-12-04 15:00:00+00:00,HOLD,0.02691,38650.37336557232,0.6036997509782995
